0,17:10:42 20.11.22
32,17:10:43 20.11.22
0,17:10:44 20.11.22
0,17:10:45 20.11.22
16,17:10:46 20.11.22
16,17:10:47 20.11.22
32,17:10:48 20.11.22
0,17:10:49 20.11.22
48,17:10:50 20.11.22
80,17:10:51 20.11.22
32,17:10:52 20.11.22
64,17:10:53 20.11.22
32,17:10:54 20.11.22
0,17:10:55 20.11.22
0,17:10:56 20.11.22
0,17:10:57 20.11.22
48,17:10:58 20.11.22
0,17:10:59 20.11.22
0,17:11:00 20.11.22
0,17:11:01 20.11.22
0,17:11:02 20.11.22
0,17:11:03 20.11.22
0,17:11:04 20.11.22
0,17:11:05 20.11.22
32,17:11:06 20.11.22
48,17:11:07 20.11.22
32,17:11:08 20.11.22
48,17:11:09 20.11.22
16,17:11:10 20.11.22
0,17:11:11 20.11.22
32,17:11:12 20.11.22
0,17:11:13 20.11.22
0,17:11:14 20.11.22
16,17:11:15 20.11.22
0,17:11:16 20.11.22
0,17:11:17 20.11.22
0,17:11:18 20.11.22
16,17:11:19 20.11.22
0,17:11:20 20.11.22
0,17:11:21 20.11.22
0,17:11:22 20.11.22
32,17:11:23 20.11.22
0,17:11:24 20.11.22
0,17:11:25 20.11.22
48,17:11:26 20.11.22
64,17:11:27 20.11.22
0,17:11:28 20.11.22
48,17:11:29 20.11.22
0,17:11:30 20.11.22
32,17:11:31 20.11.22
64,17:11:32 20.11.22
32,17:11:33 20.11.22
0,17:11:34 20.11.22
0,17:11:35 20.11.22
48,17:11:36 20.11.22
48,17:11:37 20.11.22
16,17:11:38 20.11.22
48,17:11:39 20.11.22
0,17:11:40 20.11.22
16,17:11:41 20.11.22
16,17:11:42 20.11.22
64,17:11:43 20.11.22
0,17:11:44 20.11.22
64,17:11:45 20.11.22
0,17:11:46 20.11.22
32,17:11:47 20.11.22
32,17:11:48 20.11.22
0,17:11:49 20.11.22
48,17:11:50 20.11.22
80,17:11:51 20.11.22
16,17:11:52 20.11.22
0,17:11:53 20.11.22
0,17:11:54 20.11.22
16,17:11:55 20.11.22
32,17:11:56 20.11.22
0,17:11:57 20.11.22
0,17:11:58 20.11.22
0,17:11:59 20.11.22
64,17:12:00 20.11.22
0,17:12:01 20.11.22
16,17:12:02 20.11.22
32,17:12:03 20.11.22
16,17:12:04 20.11.22
80,17:12:05 20.11.22
0,17:12:06 20.11.22
16,17:12:07 20.11.22
0,17:12:08 20.11.22
0,17:12:09 20.11.22
32,17:12:10 20.11.22
32,17:12:11 20.11.22
32,17:12:12 20.11.22
80,17:12:13 20.11.22
64,17:12:14 20.11.22
48,17:12:15 20.11.22
0,17:12:16 20.11.22
64,17:12:17 20.11.22
80,17:12:18 20.11.22
48,17:12:19 20.11.22
32,17:12:20 20.11.22
32,17:12:21 20.11.22
0,17:12:22 20.11.22
0,17:12:23 20.11.22
48,17:12:24 20.11.22
64,17:12:25 20.11.22
0,17:12:26 20.11.22
0,17:12:27 20.11.22
32,17:12:28 20.11.22
16,17:12:29 20.11.22
48,17:12:30 20.11.22
16,17:12:31 20.11.22
16,17:12:32 20.11.22
64,17:12:33 20.11.22
32,17:12:34 20.11.22
32,17:12:35 20.11.22
48,17:12:36 20.11.22
0,17:12:37 20.11.22
48,17:12:38 20.11.22
16,17:12:39 20.11.22
0,17:12:40 20.11.22
0,17:12:41 20.11.22
0,17:12:42 20.11.22
16,17:12:43 20.11.22
0,17:12:44 20.11.22
0,17:12:45 20.11.22
32,17:12:46 20.11.22
32,17:12:47 20.11.22
0,17:12:48 20.11.22
0,17:12:49 20.11.22
0,17:12:50 20.11.22
65535,17:14:07 20.11.22
65535,17:14:08 20.11.22
65535,17:14:09 20.11.22
65535,17:14:10 20.11.22
65535,17:14:11 20.11.22
65535,17:14:12 20.11.22
65535,17:14:13 20.11.22
65535,17:14:14 20.11.22
65535,17:14:15 20.11.22
65535,17:14:16 20.11.22
65535,17:14:17 20.11.22
65535,17:14:18 20.11.22
65535,17:14:19 20.11.22
65535,17:14:20 20.11.22
65535,17:14:21 20.11.22
65535,17:14:22 20.11.22
65535,17:14:23 20.11.22
65535,17:14:24 20.11.22
65535,17:14:25 20.11.22
65535,17:14:26 20.11.22
65535,17:14:27 20.11.22
65535,17:14:28 20.11.22
65535,17:14:29 20.11.22
65535,17:14:30 20.11.22
65535,17:14:31 20.11.22
65535,17:14:32 20.11.22
65535,17:14:33 20.11.22
65535,17:14:34 20.11.22
65535,17:14:35 20.11.22
65535,17:14:36 20.11.22
65535,17:14:37 20.11.22
65535,17:14:38 20.11.22
65535,17:14:39 20.11.22
65535,17:14:40 20.11.22
65535,17:14:41 20.11.22
65535,17:14:42 20.11.22
65535,17:14:43 20.11.22
65535,17:14:44 20.11.22
65535,17:14:45 20.11.22
65535,17:14:46 20.11.22
65535,17:14:47 20.11.22
65535,17:14:48 20.11.22
65535,17:14:49 20.11.22
65535,17:14:50 20.11.22
65535,17:14:51 20.11.22
65535,17:14:52 20.11.22
65535,17:14:53 20.11.22
65535,17:14:54 20.11.22
65535,17:14:55 20.11.22
65535,17:14:56 20.11.22
65535,17:14:57 20.11.22
65535,17:14:58 20.11.22
65535,17:14:59 20.11.22
65535,17:15:00 20.11.22
65535,17:15:01 20.11.22
65535,17:15:02 20.11.22
65535,17:15:03 20.11.22
65535,17:15:04 20.11.22
65535,17:15:05 20.11.22
65535,17:15:06 20.11.22
65535,17:15:07 20.11.22
65535,17:15:08 20.11.22
65535,17:15:09 20.11.22
65535,17:15:10 20.11.22
65535,17:15:11 20.11.22
65535,17:15:12 20.11.22
65535,17:15:13 20.11.22
65535,17:15:14 20.11.22
65535,17:15:15 20.11.22
65535,17:15:16 20.11.22
65535,17:15:17 20.11.22
65535,17:15:18 20.11.22
65535,17:15:19 20.11.22
65535,17:15:20 20.11.22
65535,17:15:21 20.11.22
65535,17:15:22 20.11.22
65535,17:15:23 20.11.22
65535,17:15:24 20.11.22
65535,17:15:25 20.11.22
65535,17:15:26 20.11.22
65535,17:15:27 20.11.22
65535,17:15:28 20.11.22
65535,17:15:29 20.11.22
65535,17:15:30 20.11.22
65535,17:15:31 20.11.22
65535,17:15:32 20.11.22
65535,17:15:33 20.11.22
65535,17:15:34 20.11.22
65535,17:15:35 20.11.22
65535,17:15:36 20.11.22
65535,17:15:37 20.11.22
65535,17:15:38 20.11.22
65535,17:15:39 20.11.22
65535,17:15:40 20.11.22
65535,17:15:41 20.11.22
65535,17:15:42 20.11.22
65535,17:15:43 20.11.22
65535,17:15:44 20.11.22
65535,17:15:45 20.11.22
65535,17:15:46 20.11.22
65535,17:15:47 20.11.22
65535,17:15:48 20.11.22
65535,17:15:49 20.11.22
65535,17:15:50 20.11.22
65535,17:15:51 20.11.22
65535,17:15:52 20.11.22
65535,17:15:53 20.11.22
65535,17:15:54 20.11.22
65535,17:15:55 20.11.22
65535,17:15:56 20.11.22
65535,17:15:57 20.11.22
65535,17:15:58 20.11.22
65535,17:15:59 20.11.22
65535,17:16:00 20.11.22
65535,17:16:01 20.11.22
65535,17:16:02 20.11.22
65535,17:16:03 20.11.22
65535,17:16:04 20.11.22
65535,17:16:05 20.11.22
65535,17:16:06 20.11.22
65535,17:16:07 20.11.22
65535,17:16:08 20.11.22
65535,17:16:09 20.11.22
65535,17:16:10 20.11.22
65535,17:16:11 20.11.22
65535,17:16:12 20.11.22
65535,17:16:13 20.11.22
65535,17:16:14 20.11.22
65535,17:16:15 20.11.22
65535,17:16:16 20.11.22
65535,17:16:17 20.11.22
65535,17:16:18 20.11.22
65535,17:16:19 20.11.22
65535,17:16:20 20.11.22
65535,17:16:21 20.11.22
65535,17:16:22 20.11.22
65535,17:16:23 20.11.22
65535,17:16:24 20.11.22
